{"cameraMode":{"drawMode":0,"name":"Shaded","section":"Shading Mode"},"sceneLighting":true,"audioPlay":false,"sceneViewState":{"showFog":true,"showMaterialUpdate":true,"showSkybox":true,"showFlares":true,"showImageEffects":true,"showParticleSystems":true},"in2DMode":false,"pivot":{"x":5.7572736740112309,"y":0.5451474785804749,"z":-3.531491994857788},"rotation":{"x":-0.0006990038091316819,"y":0.9470080137252808,"z":0.0020609230268746616,"w":0.32120275497436526},"size":1.4711263179779053,"orthographic":false}